<?xml version="1.0" encoding="UTF-8"?>
    <addon id="repository.kodi" name="Jacks Repo" version="1.1.0" provider-name="Jack">
        <requires>
            <import addon="xbmc.addon" version="12.0.0"/>
        </requires>
        <extension point="xbmc.addon.repository" name="Jacks Repo">
            <info compressed="false">https://raw.githubusercontent.com/jharte42/kodi/master/_repo/addons.xml</info>
            <checksum>https://raw.githubusercontent.com/jharte42/kodi/master/_repo/addons.xml.md5</checksum>
            <datadir zip="true">https://raw.githubusercontent.com/jharte42/kodi/master/_repo/</datadir>
            <hashes>false</hashes>
        </extension>
        <extension point="xbmc.addon.metadata">
            <summary>A short summary of this addon</summary>
            <description>Jack's repository</description>
            <platform>all</platform>
    </extension>
</addon>